"","meanVal","geomMean","harmonicMean","mode","medianVal"
"1",267547399.833333,201788272.900697,194115896.782493,273975139,214084157.5
