"","kurtosisValue","skewnessValue"
"1",-1.57325440214928,-0.220752082904355
