"","dispers","standartDeviation","meanAbsoluteDeviation","variationCoef","scope","interQuartal"
"1",2968505812477957,54483995.9297954,47990532.8888889,26.0605154538029,158599276,99686109.25
