"","meanVal","geomMean","harmonicMean","mode","medianVal"
"1",267547399.833333,5395900963.72769,5075195625.14577,7794798739,5943853401
