"","kurtosisValue","skewnessValue"
"1",-1.57035961545212,-0.26597590456946
