"","dispers","standartDeviation","meanAbsoluteDeviation","variationCoef","scope","interQuartal"
"1",3190613100950499328,1786228737.01844,1552490832.79012,31.3675824508633,5021778803,3268854488.5
