"","meanVal","geomMean","harmonicMean","mode","medianVal"
"1",267547399.833333,261821938.402854,255830357.758209,331002651,273437327
