"","kurtosisValue","skewnessValue"
"1",-1.54162054840467,-0.265369299205305
