"","dispers","standartDeviation","meanAbsoluteDeviation","variationCoef","scope","interQuartal"
"1",3042616947711038,55159921.570929,48214687.8333333,20.6168782074842,159317315,100801547
